{"1": {"MAE": [0.08770934905855243, 0.0885893104509157, 0.08624045970955928, 0.09170161839445813, 0.0870643044154801], "RMSE": [0.13984153404261512, 0.15095304125389877, 0.1352853968659767, 0.1455169042886519, 0.14487094150941285], "R2": [0.029493414077886082, 0.031034999494113036, 0.046982481476820825, 0.005378114730095307, 0.03198311270680165]}, "2": {"MAE": [0.1287464979161592, 0.1303685901282324, 0.12667295244417084, 0.1334392967196424, 0.16346825415651806], "RMSE": [0.2090031240552268, 0.2213414422753092, 0.1873959013033255, 0.21057297229064997, 0.24159140016769276], "R2": [0.07739407915613716, 0.06876917947327943, 0.10177760262258784, 0.07806538257476525, -0.28792996283757355]}, "3": {"MAE": [0.16066687071558333, 0.16408344961015853, 0.16268273367266625, 0.16440362851794266, 0.17276288935625453], "RMSE": [0.2641073173674816, 0.2759050805132278, 0.25411017438763556, 0.25833559658173433, 0.25342882773407577], "R2": [0.10933259005446616, 0.08814926192020378, 0.11051425227913514, 0.11249242744774168, 0.04261233501057593]}, "4": {"MAE": [0.18942054733806996, 0.19150529224024596, 0.19346956958658262, 0.1978527255575629, 0.2071994064232392], "RMSE": [0.312686869389192, 0.3164440067703632, 0.3056733997790017, 0.3220324763107105, 0.301480206665863], "R2": [0.11882356301411667, 0.12111142136835518, 0.1318670947935684, 0.1304829572515528, 0.04413759806011075]}, "5": {"MAE": [0.21833413222040698, 0.2213632411896785, 0.221452232884587, 0.2219588109278697, 0.2415830285034491], "RMSE": [0.3652307540540202, 0.37053124603745446, 0.3607517719524154, 0.3576066868367464, 0.3456799508427127], "R2": [0.1336810125844664, 0.1382244281152254, 0.14882697193394057, 0.14253596052874917, 0.03105385031329555]}, "6": {"MAE": [0.24186622428101104, 0.2448562133372156, 0.24436136594718202, 0.2464170092912657, 0.270837458462987], "RMSE": [0.40908874872231493, 0.41337829184992814, 0.41065804375323633, 0.38753894604437067, 0.40690296606972937], "R2": [0.15183778056477137, 0.1559267779936937, 0.15366864379034084, 0.1723301033542649, 0.035169717850487614]}}