{"1": {"MAE": [0.08727288537375788, 0.0896756970782799, 0.08813246496442437, 0.08631218073400061, 0.08838498812786043], "RMSE": [0.13811631470043637, 0.1566155971013425, 0.14826803989708362, 0.13655630002399594, 0.1475577801837893], "R2": [0.03693536304675693, 0.03498783812634543, 0.035308037311581386, 0.037698927598709076, 0.03233530772745308]}, "2": {"MAE": [0.130670834139257, 0.1318579741205846, 0.1276938794350494, 0.12791153828678206, 0.1292045055997825], "RMSE": [0.2190221645382237, 0.23286310275715383, 0.18712670334317008, 0.20308029408192443, 0.20343042806727724], "R2": [0.07359896881960704, 0.08386650055891909, 0.09727822035245715, 0.09692789741023577, 0.09106964102221882]}, "3": {"MAE": [0.16166415445502832, 0.16306670745386315, 0.15677392294964648, 0.15768903125983993, 0.15637950343432278], "RMSE": [0.285086438345241, 0.26896516301735013, 0.24159995637998397, 0.246733565307321, 0.24800077473346105], "R2": [0.11230360681439377, 0.13438274629377311, 0.12211573351534877, 0.14545530577082022, 0.12771141422873866]}, "4": {"MAE": [0.19112681595310307, 0.19262433443666263, 0.18612709547746376, 0.18622839033018718, 0.18602093376451528], "RMSE": [0.3405396328798701, 0.3132696848102715, 0.29186018269953035, 0.2952601887717907, 0.2969441020704583], "R2": [0.13932067826062478, 0.1475440113899834, 0.150337111305763, 0.16742396392317227, 0.1457045420282872]}, "5": {"MAE": [0.21957482315655905, 0.21719280626222864, 0.2136881778886694, 0.21143143827440597, 0.21342708060711987], "RMSE": [0.3806146690301762, 0.3725111253510013, 0.33902843458795, 0.32458385566132164, 0.35162198014841645], "R2": [0.15660078672963218, 0.15302744126136114, 0.1651572202388455, 0.18930942258082817, 0.16159631211018377]}, "6": {"MAE": [0.23783135482928952, 0.24543534060441716, 0.2354657361582188, 0.2356395635009492, 0.23765915513669897], "RMSE": [0.40945814374981876, 0.422281185317794, 0.3858643796444171, 0.3809514441333309, 0.3847083976083206], "R2": [0.17663129322141946, 0.1719815244733115, 0.1769972420894339, 0.19774396032962016, 0.18252070342936666]}}