{"1": {"MANUFACTURING": {"MAE": [0.09051315688510798, 0.08910377928314665, 0.09141324141155395, 0.08793527376702023, 0.0965646715255633], "RMSE": [0.15401849762628061, 0.16622978128688612, 0.140002294120362, 0.13491513675673392, 0.1588778398833256], "R2": [0.021829124089421836, 0.030524164823199973, 0.037380579985448636, 0.041140197987658444, -0.07425575461713829]}, "FINANCIAL INSTITUTIONS": {"MAE": [0.08344712308562018, 0.08494934173200874, 0.0813976862997859, 0.08149044503083994, 0.0851944291442752], "RMSE": [0.13971101866823785, 0.15195474219466637, 0.12382519399962684, 0.1184796410501264, 0.14218691699477537], "R2": [0.035627017328969446, 0.011387019039402646, 0.057541917526545694, 0.06417701645198759, -0.006898227431600956]}, "TECHNOLOGY": {"MAE": [0.09553760734492267, 0.09245471416533323, 0.10396389964152883, 0.10721565935740453, 0.09780214157082288], "RMSE": [0.14996138898278566, 0.1274272413495961, 0.16103873784918044, 0.16371304950712975, 0.13489760791361555], "R2": [-0.01349584670941395, 0.050025385768520114, 0.021018986281666208, 0.011116869964164056, -0.06261258532713954]}, "HOTELS AND RESTAURANTS": {"MAE": [0.10456249179798933, 0.12611818664162394, 0.09173206971858537, 0.10680185171096312, 0.10045739670219295], "RMSE": [0.15804264777691251, 0.23360058352223795, 0.128676835670175, 0.1544796872662947, 0.15564548464544753], "R2": [0.04354952915314059, -0.005567522305658601, 0.09523299018670173, 0.019386368330849613, -0.056167127462133815]}, "WHOLESALE AND RETAIL TRADE": {"MAE": [0.10265840492085432, 0.08673954737912729, 0.08496439760525973, 0.09986341246281964, 0.07751867515780039], "RMSE": [0.18329094218802808, 0.12115572864047179, 0.11472463046859162, 0.19104668424433255, 0.10471283544741433], "R2": [0.00717036239883706, -0.08021476202237321, -0.009239715388719594, 0.009719169941081685, -0.06624681903596952]}}, "2": {"MANUFACTURING": {"MAE": [0.13465836613385393, 0.13227143884742643, 0.1336500594974606, 0.12905109906565543, 0.14246512808887354], "RMSE": [0.20242567714368423, 0.23362187716299307, 0.21167482210097088, 0.21735913532801368, 0.22400381184336582], "R2": [0.003525687471480965, 0.055062985085874705, 0.09968483468680644, 0.09449732935057786, 0.01956169972126054]}, "FINANCIAL INSTITUTIONS": {"MAE": [0.12194488036386612, 0.12100792143391394, 0.11665854682377029, 0.12227883521429418, 0.12458386804529237], "RMSE": [0.19465343756569134, 0.20786894817705134, 0.172872829332853, 0.19155118312044972, 0.20600050843079806], "R2": [0.11146269885487536, 0.08085800726293702, 0.12898261303098246, 0.11773855666665267, 0.04232899025951986]}, "TECHNOLOGY": {"MAE": [0.1646474221263348, 0.13969969975786783, 0.1563163790713082, 0.14257743792234556, 0.15574815864995292], "RMSE": [0.26706607855380576, 0.18550344259608106, 0.24359953284957975, 0.1981957405945995, 0.21949736540539533], "R2": [0.041325451103465416, 0.1142672183200878, 0.10295294963241608, 0.06926339994705921, 0.0075349128519888176]}, "HOTELS AND RESTAURANTS": {"MAE": [0.16464168747861893, 0.15993019774794212, 0.14160844094066422, 0.15056689685597482, 0.15611678354476693], "RMSE": [0.2248143678985678, 0.2628959047817524, 0.1952337879154951, 0.2410973494314986, 0.22581702347136764], "R2": [0.09248412413011564, 0.11463949011895114, 0.1779893670216912, 0.22400744743461531, 0.12694362326670394]}, "WHOLESALE AND RETAIL TRADE": {"MAE": [0.14543467225242607, 0.1281341455518836, 0.12172632394433687, 0.14388087664869195, 0.10999286546003716], "RMSE": [0.22588886652003093, 0.182330605177252, 0.18025149870993923, 0.24455693783311666, 0.1379277229303212], "R2": [0.011512832624902658, 0.045083740437481756, -0.033164195429775445, 0.0633602919213917, -0.03002592424013195]}}, "3": {"MANUFACTURING": {"MAE": [0.15395660306524594, 0.16083848537895162, 0.16253139346115505, 0.16172817573941226, 0.2156256133342973], "RMSE": [0.22328367046562594, 0.2701670685709786, 0.2700637712814702, 0.2648709181297618, 0.3223552697064312], "R2": [0.09857019272308032, 0.09636737638411474, 0.13009785883326586, 0.14493749772771214, -0.2226516037220696]}, "FINANCIAL INSTITUTIONS": {"MAE": [0.14528756718591657, 0.15452947932632002, 0.14630074345355043, 0.1488980799367364, 0.14428824728923298], "RMSE": [0.23347670115235764, 0.28920247493809464, 0.24062964191216135, 0.24238548921993172, 0.22640639269048818], "R2": [0.16465052601023333, 0.11443490946806467, 0.1478149370556896, 0.14649237008603477, 0.16485956225010512]}, "TECHNOLOGY": {"MAE": [0.2065133120886491, 0.1702948860338375, 0.20150373358546578, 0.18832354412157304, 0.18362394382505814], "RMSE": [0.2910425913777908, 0.23616396219676877, 0.34783130163387777, 0.2624810826570284, 0.2630232661858284], "R2": [0.09597460695073512, 0.18110478157802412, 0.13006623392889793, 0.1285677547108104, 0.06237978625538787]}, "HOTELS AND RESTAURANTS": {"MAE": [0.19531722132951382, 0.17583546018885665, 0.15296933624071926, 0.18881645725948631, 0.20916255220704116], "RMSE": [0.26885033303081424, 0.25468471662116365, 0.22372147861735564, 0.3103770515402694, 0.30894572517414826], "R2": [0.15750799097828205, 0.2232661700939218, 0.1998181704302059, 0.2582573592777617, 0.21716821760187643]}, "WHOLESALE AND RETAIL TRADE": {"MAE": [0.185712504531626, 0.15473961745528017, 0.15400394583431826, 0.16257430894816577, 0.1472843820416481], "RMSE": [0.2857574061669653, 0.24086320743545372, 0.20131470814709573, 0.2680012879602737, 0.19665864580686312], "R2": [0.04929556878065067, 0.12609645769577937, 0.02778644547982201, 0.1557312215516523, -0.03352661048477157]}}, "4": {"MANUFACTURING": {"MAE": [0.1859027398645069, 0.18736232033373562, 0.1911082794936442, 0.1901278124618327, 0.2307567414907415], "RMSE": [0.27703609650877825, 0.29752102698787153, 0.3035410827568333, 0.33277924636776735, 0.35729263903078595], "R2": [0.11639064344043826, 0.1229833382066301, 0.16133678568978438, 0.14465666341516903, -0.023495701920700718]}, "FINANCIAL INSTITUTIONS": {"MAE": [0.17612306747311876, 0.18113019511680215, 0.1748210575702683, 0.1840789732565956, 0.16736690167899249], "RMSE": [0.28302092234752213, 0.32692572303984124, 0.28239246324399797, 0.33862514418514367, 0.26119679770673265], "R2": [0.20162762976920245, 0.14801359291532312, 0.18443854556240247, 0.155594188780951, 0.15361141543694823]}, "TECHNOLOGY": {"MAE": [0.2508997355713692, 0.20806340943908436, 0.2411520520241405, 0.2226879299894753, 0.2222519207496409], "RMSE": [0.3785568537449976, 0.29679668633738815, 0.35722118163553745, 0.3329425015962621, 0.34151398008069], "R2": [0.1546253532248344, 0.16666299717485544, 0.1518030080815107, 0.14768013475268005, 0.10549683227248241]}, "HOTELS AND RESTAURANTS": {"MAE": [0.227169830029076, 0.18611160488129994, 0.2077592835976608, 0.21049488031842967, 0.23611826027523292], "RMSE": [0.3993600001223509, 0.2604632522584949, 0.2819344617689682, 0.29315522139310807, 0.3236055977652271], "R2": [0.283912667033571, 0.32822560585151606, 0.1591159337211624, 0.3277287637691372, 0.2743036118094929]}, "WHOLESALE AND RETAIL TRADE": {"MAE": [0.1910548932082596, 0.19084859938701218, 0.19950464491579475, 0.19286568940100118, 0.1671204629132343], "RMSE": [0.29577021442712104, 0.27297533038330046, 0.2847477972293176, 0.31498135134033434, 0.24947662726445718], "R2": [0.07100986586078484, 0.17071421091322403, -0.08332706304348947, 0.1988104103588434, 0.12491479465952304]}}, "5": {"MANUFACTURING": {"MAE": [0.2132678572380148, 0.20910712105584453, 0.21610816750731454, 0.22491108921844824, 0.272115639677938], "RMSE": [0.321431994221995, 0.3219970863417926, 0.3368428458858009, 0.3907684394576155, 0.43810583817799625], "R2": [0.11082939357283128, 0.145813611921915, 0.17089011382905994, 0.14995278349231167, -0.007484769650220935]}, "FINANCIAL INSTITUTIONS": {"MAE": [0.20095418233237003, 0.2050086748090408, 0.19936326686693912, 0.20405412079650068, 0.19077043690030698], "RMSE": [0.3447053592382665, 0.36478933043866607, 0.347707893734021, 0.3608392859091788, 0.29686143941570103],