{"1": {"MAE": [0.0736068346782009, 0.07496262498446869, 0.07355551843532662, 0.07668857615210119, 0.07417235881142396], "RMSE": [0.1274568828806114, 0.14129130697398828, 0.1219952745397337, 0.13167594187176493, 0.13400121398739082], "R2": [0.19378158441480098, 0.15110252665230017, 0.22502969559873953, 0.18558833775146044, 0.17179502619409148]}, "2": {"MAE": [0.10953433217872559, 0.11249883319144492, 0.10884144448691518, 0.11414064056108662, 0.11220170173864212], "RMSE": [0.19271203321053398, 0.20731096950505606, 0.16936736384002365, 0.19459007367951425, 0.18799048508736146], "R2": [0.21561668171485882, 0.18308581837902949, 0.2662921591583298, 0.21270728509661618, 0.22016801788057638]}, "3": {"MAE": [0.1412319229960162, 0.14533446881911, 0.14164195518542672, 0.14350090294139334, 0.14171819980536235], "RMSE": [0.24901380979482496, 0.2613559980495884, 0.236042530179867, 0.2413960149271157, 0.22497950309189424], "R2": [0.20822541139538475, 0.18178148692034657, 0.2325052598588463, 0.225067715064996, 0.24549572510877593]}, "4": {"MAE": [0.16394112549023937, 0.16937801673444902, 0.1705491587425679, 0.1736901852578152, 0.17044313700268607], "RMSE": [0.29672152347787883, 0.29970150674747553, 0.2826151819107858, 0.3033940035016668, 0.26495039599596587], "R2": [0.20650958142375608, 0.21165208423816528, 0.25790090926200027, 0.22822138414312754, 0.2617441167350706]}, "5": {"MAE": [0.19025824427970137, 0.19559131268409433, 0.1937011089744447, 0.19547863042961286, 0.19487261897201624], "RMSE": [0.34756191472913645, 0.35325553009868377, 0.3355648407478036, 0.3357602017098385, 0.2978246529728016], "R2": [0.2154736851403809, 0.21671024883764567, 0.2635321226767875, 0.24410218886901336, 0.28076212864115146]}, "6": {"MAE": [0.21309581472890615, 0.2191907857638647, 0.21569360889213973, 0.21850991492239513, 0.21885721995980728], "RMSE": [0.38663205949787977, 0.3954416189578984, 0.3862803691317601, 0.3647711813293799, 0.35537432206357783], "R2": [0.24240067555518807, 0.2275870598095695, 0.25116688922367636, 0.26672396533492626, 0.2640618732828326]}}