{"1": {"MANUFACTURING": {"MAE": [0.10534819219687497, 0.10499860110506595, 0.10610748419923922, 0.10474953564329986, 0.10181161518939452], "RMSE": [0.17643126983619287, 0.1775169798058938, 0.15695059659252378, 0.15619564764121188, 0.16769267416002714], "R2": [-0.28357154930141015, -0.1056027807176041, -0.2097907406186581, -0.2852026511024306, -0.19676592882961375]}, "FINANCIAL INSTITUTIONS": {"MAE": [0.09589484711408236, 0.09752016339568516, 0.09762757647287232, 0.099765081134248, 0.09450088064557134], "RMSE": [0.1552556885054275, 0.1660609117079353, 0.14243357808376625, 0.140622714886896, 0.15170558144673357], "R2": [-0.19090949956895953, -0.18068114678403036, -0.24700667407617427, -0.3183089609012857, -0.14622379455470136]}, "TECHNOLOGY": {"MAE": [0.11391268622488239, 0.10477898013283117, 0.10602603246632862, 0.11607662836214225, 0.10580502672138992], "RMSE": [0.16036679680078858, 0.14119405928121773, 0.16682886191032634, 0.17104186781002548, 0.1441656815666035], "R2": [-0.15902278529129354, -0.1663268830666862, -0.0506448286463177, -0.07940203500040877, -0.2136409930884584]}, "HOTELS AND RESTAURANTS": {"MAE": [0.11389979837489446, 0.1270786804592403, 0.10711702358863529, 0.11937362977003249, 0.11531476051903929], "RMSE": [0.17048381560534437, 0.23449063696538738, 0.14681112024511894, 0.1738481153689235, 0.17635589399035279], "R2": [-0.11296166258201934, -0.013244848118193708, -0.177752180128947, -0.2419243350402429, -0.3559371247760328]}, "WHOLESALE AND RETAIL TRADE": {"MAE": [0.10826382839039846, 0.09250507787986763, 0.09328255728981298, 0.11124768999265529, 0.08167904021467438], "RMSE": [0.18534552026427747, 0.13755451265466553, 0.12358763044251907, 0.20782865387112462, 0.11540020208637976], "R2": [-0.01521239900019844, -0.3924252350144457, -0.1711998512452333, -0.17189907681679473, -0.29500381493319394]}}, "2": {"MANUFACTURING": {"MAE": [0.13470317004990232, 0.13435870268882524, 0.1373150381266543, 0.13300665986765234, 0.1354999181300027], "RMSE": [0.2010632457584001, 0.23210119104565202, 0.21099350526406724, 0.22058033491813114, 0.21434862863759618], "R2": [0.016894140741858243, 0.06732447299467359, 0.10547118849869619, 0.06745988342424458, 0.10225939353688385]}, "FINANCIAL INSTITUTIONS": {"MAE": [0.1250029326442458, 0.12273775989581691, 0.1231739525714814, 0.12970802226017986, 0.1248340849068276], "RMSE": [0.18948941098553848, 0.20468738485925037, 0.17227502947652795, 0.19385190473786673, 0.20311153389501413], "R2": [0.15798195165472928, 0.10877876498208161, 0.1349962102202612, 0.09641759027558616, 0.06900161368341906]}, "TECHNOLOGY": {"MAE": [0.15647339525455117, 0.125565984999305, 0.14040400701014039, 0.14037333129965038, 0.1445359072366952], "RMSE": [0.2473026321505953, 0.1646787482924698, 0.21376293917388178, 0.18771018892454777, 0.19885499454090902], "R2": [0.17796328273885997, 0.3019703253643826, 0.3092400573461961, 0.1651396181016066, 0.18542773053604267]}, "HOTELS AND RESTAURANTS": {"MAE": [0.15518187366971556, 0.1487338719926876, 0.1462735804140906, 0.14930856547207164, 0.17021606254842428], "RMSE": [0.2211222621151879, 0.2531230789865372, 0.20183753725927256, 0.2307130386905008, 0.2535535255450367], "R2": [0.12204745658072302, 0.17924035635739421, 0.12144015208215708, 0.2894134874555202, -0.10069815552103933]}, "WHOLESALE AND RETAIL TRADE": {"MAE": [0.13556659811628072, 0.11857598881118317, 0.11784634686493753, 0.13252581881674733, 0.1079084245939651], "RMSE": [0.21677839419406073, 0.16583333007014264, 0.167098370288302, 0.22653886144797103, 0.14720294755645827], "R2": [0.08963956844640586, 0.21006785887162338, 0.11211645590888131, 0.19629250810058219, -0.17321615664091095]}}, "3": {"MANUFACTURING": {"MAE": [0.14029639250253675, 0.14311304623530308, 0.14766810278143347, 0.14441429587666768, 0.148853700995907], "RMSE": [0.20154440911447236, 0.24681918283058926, 0.24280288085861182, 0.2364785060580321, 0.24951646083919668], "R2": [0.26555462608434954, 0.24580282569880563, 0.2968541555780545, 0.3184265671311064, 0.2674596074916008]}, "FINANCIAL INSTITUTIONS": {"MAE": [0.13539687447624896, 0.13913246611099714, 0.13588351588145453, 0.13483088119148295, 0.13242062721538672], "RMSE": [0.2139342326048362, 0.26733469509616975, 0.21604716545433372, 0.21731659809874246, 0.20724197341637204], "R2": [0.2986389014160509, 0.2432940842571224, 0.3130378429885974, 0.3139117675296855, 0.3002585821081907]}, "TECHNOLOGY": {"MAE": [0.16144101353251764, 0.13599925607312738, 0.17851350412165087, 0.1590442927227714, 0.15094501875555769], "RMSE": [0.23197318198740008, 0.1829402405294331, 0.3103599336171061, 0.22790391159022733, 0.20233701988325709], "R2": [0.4256943460919759, 0.5086176264632176, 0.30740370369266024, 0.3430366127718103, 0.445132449936561]}, "HOTELS AND RESTAURANTS": {"MAE": [0.17133861034989828, 0.15050329096262113, 0.14471174485888186, 0.18846224194841987, 0.1898577315115688], "RMSE": [0.2547684699893464, 0.24253108116630223, 0.2076840374567383, 0.3326069536617083, 0.29375041350192077], "R2": [0.24345286561012502, 0.2956293389826614, 0.31042809421531814, 0.14820185709047184, 0.292280695654183]}, "WHOLESALE AND RETAIL TRADE": {"MAE": [0.15818042978541325, 0.12974659156970678, 0.12629251861306276, 0.14648692456394352, 0.1264121841615917], "RMSE": [0.2555083894533425, 0.20643354460225755, 0.16285748025013194, 0.22670690080769518, 0.17231767178277735], "R2": [0.23991728409827928, 0.35807674580758664, 0.3637525098253558, 0.39586159214532257, 0.2064848720697101]}}, "4": {"MANUFACTURING": {"MAE": [0.15510652174877104, 0.1532826308814295, 0.15840139580662463, 0.15577803597755155, 0.1600481151829742], "RMSE": [0.22991931658715048, 0.2514698214004065, 0.2519884542420607, 0.2838998538762602, 0.27876572749031625], "R2": [0.3913908082330271, 0.37346655063659373, 0.42201852190583455, 0.3774727786331884, 0.37695897664086087]}, "FINANCIAL INSTITUTIONS": {"MAE": [0.149497336723901, 0.15471396664677953, 0.1477925674711639, 0.15441955090424375, 0.13835577556909448], "RMSE": [0.2382430276602976, 0.2879304225044703, 0.23861114232053834, 0.2905308856282799, 0.2197868953972381], "R2": [0.4342705153472284, 0.33913981268038074, 0.4177199265854552, 0.3784194398872349, 0.4007090907518922]}, "TECHNOLOGY": {"MAE": [0.18577896293074403, 0.16010873551037916, 0.18437976031037503, 0.18480594095960207, 0.16647232484345809], "RMSE": [0.29209272894981786, 0.23189403170030432, 0.29636411700806903, 0.27943924520208746, 0.2612377113111027], "R2": [0.49669819893789424, 0.49127660162454667, 0.4161872693737295, 0.3996024197902369, 0.47659646623203467]}, "HOTELS AND RESTAURANTS": {"MAE": [0.18562665174118298, 0.1472355647603402, 0.17010177427837514, 0.2016937666773457, 0.20039146285235643], "RMSE": [0.3567857568916973, 0.2286556446534127, 0.234351652855337, 0.3049579200712182, 0.29127605310854043], "R2": [0.42845308971100715, 0.48228066846982964, 0.41900039609957906, 0.27250653551761683, 0.41206072449915354]}, "WHOLESALE AND RETAIL TRADE": {"MAE": [0.14511948480472547, 0.1366637140772685, 0.14668306076145654, 0.1491007074356907, 0.13231128464840866], "RMSE": [0.23350640190850705, 0.20998865802588929, 0.2213694945268899, 0.23367082764031225, 0.20224095648301463], "R2": [0.42097166962149435, 0.5092626663760654, 0.34525167942637924, 0.5590649651555736, 0.42491924470664755]}}, "5": {"MANUFACTURING": {"MAE": [0.1628885198895843, 0.1601854436115968, 0.16357429445545116, 0.1746064415334346, 0.1753991304756315], "RMSE": [0.24244990812609374, 0.2622952814078858, 0.25890381088637576, 0.32324210580706625, 0.33679036641241406], "R2": [0.49411600454332627, 0.4332001608249838, 0.5101824702017982, 0.4183523961758724, 0.40461247720899984]}, "FINANCIAL INSTITUTIONS": {"MAE": [0.16068933451478817, 0.1673906538514204, 0.15635678340701062, 0.16378406569168763, 0.14857081860508894], "RMSE": [0.2810496126175242, 0.30485892298913897, 0.28813099033622597, 0.2929150232811577, 0.234524663411531], "R2": [0.48286281623811333, 0.42486599140295644, 0.4486309789362929, 0.47462934470741514, 0.47657633193023696]},