{"1": {"MAE": [0.10256524893318361, 0.10302911515546281, 0.10225633138068023, 0.10464245652278976, 0.10180687859302252], "RMSE": [0.15534148514458768, 0.1654338163220037, 0.15414986867336455, 0.15991582533227264, 0.1598802744798577], "R2": [-0.19757034663478357, -0.16378547585627778, -0.23732948505656304, -0.20119635219014897, -0.17899004732436774]}, "2": {"MAE": [0.13766434060610097, 0.13478917060960083, 0.13571259268865932, 0.13857196276769257, 0.1382272171464162], "RMSE": [0.21126796784852175, 0.21956607713857224, 0.1963228189314744, 0.2101127561822458, 0.20840160939355365], "R2": [0.057290265307237576, 0.0836479505899318, 0.014162652271094145, 0.08209083281463947, 0.04163390194672012]}, "3": {"MAE": [0.15711151429881823, 0.15421048485496608, 0.15447438348117204, 0.15503264889756388, 0.15671956783232802], "RMSE": [0.25143504776480685, 0.2595117724171368, 0.23725506927847703, 0.24301204924352537, 0.23118317180027495], "R2": [0.19275321848319527, 0.19328805729980925, 0.22459984003473166, 0.21465736088485388, 0.20331207634219828]}, "4": {"MAE": [0.17356322876850627, 0.17113363783035704, 0.17385628630665934, 0.17734282439309024, 0.17509473573409368], "RMSE": [0.2865898683659206, 0.2895037452490787, 0.2716637501959285, 0.29713641278180447, 0.2577915002298477], "R2": [0.25977243650945137, 0.26438861189215923, 0.31429975220577355, 0.2597293901010369, 0.301100131854264]}, "5": {"MAE": [0.19138082616501842, 0.19205331977469128, 0.19499055474023008, 0.19156809207148587, 0.19289406184562263], "RMSE": [0.3275315520491245, 0.33786643214142503, 0.32240874511424944, 0.3226164498861791, 0.2839145581467997], "R2": [0.3032941782392211, 0.2834696394373939, 0.32014775842825594, 0.30212495439655396, 0.34637811874961466]}, "6": {"MAE": [0.20468881003397765, 0.20742021963122878, 0.20627211832938575, 0.20628264855449222, 0.20687341818680965], "RMSE": [0.3658313748279833, 0.3755710319111413, 0.36673430724198225, 0.34430586097601645, 0.3303641485777355], "R2": [0.3217250916153377, 0.30326285477495984, 0.3250325307348796, 0.3466960512339258, 0.3640030442005471]}}