{"1": {"MAE": [0.10338529040006064, 0.10624546678104634, 0.10329553437068618, 0.10119000180438847, 0.10367277436323687], "RMSE": [0.15731609777856082, 0.1725254224736316, 0.1666848037691287, 0.1538279014809248, 0.1641698390672545], "R2": [-0.24942963623973324, -0.17103254405452528, -0.21922984205661145, -0.22111824009680103, -0.19780856303249794]}, "2": {"MAE": [0.13587322936407883, 0.1367483830974506, 0.12981998917447374, 0.1314109919558442, 0.13191768832226736], "RMSE": [0.2200837200043657, 0.2338795112415522, 0.18672452195486824, 0.2034264364340806, 0.20142358686686596], "R2": [0.06459705513000558, 0.0758515076963916, 0.1011543934659026, 0.09384677225119742, 0.10891438175922674]}, "3": {"MAE": [0.14618773086940087, 0.14703638233579716, 0.1387178895647347, 0.14335879199659105, 0.1409453880723788], "RMSE": [0.26250946798703984, 0.24051897375213427, 0.2117202411284636, 0.2215540087508909, 0.22370459245775956], "R2": [0.24733576046715422, 0.30779852098253435, 0.3258317082529226, 0.31097094082882604, 0.29025242999004996]}, "4": {"MAE": [0.1592690047950373, 0.16039471987867474, 0.1524900638837777, 0.15420840729165225, 0.15298009855083225], "RMSE": [0.29862456729248166, 0.26381716311929565, 0.23706399611784165, 0.24787245412272335, 0.24922311623437252], "R2": [0.3381537555343128, 0.3954373431729127, 0.43943219483726714, 0.4132262815373582, 0.3982233476364222]}, "5": {"MAE": [0.17072958775221866, 0.16866791345264814, 0.161698608856092, 0.16147345925504034, 0.16525993514997478], "RMSE": [0.31523781911861815, 0.30923526748547286, 0.2585776864554192, 0.24841894019079896, 0.28841177041661836], "R2": [0.4214528268855944, 0.41632797207839767, 0.5143599025443829, 0.5251344052910913, 0.43593765279837626]}, "6": {"MAE": [0.1744460367176957, 0.17908772563808112, 0.16758811483374858, 0.16895458005069372, 0.17264726966561586], "RMSE": [0.3272587145504063, 0.34106727439069806, 0.2900369737268204, 0.28793776166406493, 0.2993274578048718], "R2": [0.4740338790215082, 0.4598471590529646, 0.5350153225465217, 0.5416776929937219, 0.5051124319036258]}}